Module,Salesforce feature,Trailhead example,Trailhead source URL,MetaDrive status,System evidence
Report Builder,"Translate a business question into report criteria; distinguish report, report type, and dashboard","“Opportunities with Products,” summarized by Product Family, filtered to Closed Won and active products",https://trailhead.salesforce.com/content/learn/modules/lex_implementation_reports_dashboards/lex_implementation_reports_dashboards_using_report_builder; https://trailhead.salesforce.com/content/learn/projects/create-reports-and-dashboards-for-sales-and-marketing-managers/create-a-simple-custom-report,Partial,"[Report UI and model](./apps/web/src/App.tsx), [report schema/runtime](./apps/server/src/index.ts)"
Report Builder,"Discover report types by category and search, select fields, then create, name, describe, save, edit, select, clone, run, and delete","Search Accounts or Opportunities, create “Direct Customer Accounts,” save, and run",https://trailhead.salesforce.com/content/learn/modules/lex_implementation_reports_dashboards/lex_implementation_reports_dashboards_using_report_builder; https://trailhead.salesforce.com/content/learn/projects/create-reports-and-dashboards-for-sales-and-marketing-managers/create-a-simple-custom-report,Partial,"[Report UI](./apps/web/src/App.tsx), [report tests](./apps/server/test/report-builder.test.ts)"
Report Builder,"Use Fields, Outline, Filters, searchable fields, field placement, preview, auto-preview, and saved/unsaved preview",Search or drag fields; refresh or automatically update the report preview,https://trailhead.salesforce.com/content/learn/modules/lex_implementation_reports_dashboards/lex_implementation_reports_dashboards_filter_your_report; https://trailhead.salesforce.com/content/learn/projects/create-reports-and-dashboards-for-sales-and-marketing-managers/filter-your-reports,Partial,"[Report UI](./apps/web/src/App.tsx), [report tests](./apps/server/test/report-builder.test.ts)"
Report Builder,"Tabular, Summary, and Matrix formats; row and column grouping; date grouping; detail rows; totals, subtotals, and summary operations",Open Opportunities tabular report; Cases summary grouped by Priority; Opportunity matrix by Close Month and Type with Sum of Amount,https://trailhead.salesforce.com/content/learn/modules/lex_implementation_reports_dashboards/lex_implementation_reports_dashboards_report_formats; https://trailhead.salesforce.com/content/learn/projects/create-reports-and-dashboards-for-sales-and-marketing-managers/group-and-categorize-your-data,Partial,"[Report model/runtime](./apps/server/src/index.ts), [report tests](./apps/server/test/report-builder.test.ts)"
Report Builder,"Bucket fields and bucket ranges, including treating blank numeric values as zero","Add an Amount bucket named “Size” with Small, Medium, and Large ranges; use it as a matrix column group",https://trailhead.salesforce.com/content/learn/projects/create-reports-and-dashboards-for-sales-and-marketing-managers/group-and-categorize-your-data,No,"[Report schema/runtime](./apps/server/src/index.ts), [report UI](./apps/web/src/App.tsx)"
Report Builder,"Custom summary formulas with output type, decimal precision, validation, and summarized-field insertion","Add “Win Rate” using `WON:SUM/CLOSED:SUM`, formatted as Percent with two decimals",https://trailhead.salesforce.com/content/learn/projects/create-reports-and-dashboards-for-sales-and-marketing-managers/use-summary-formulas-in-your-reports,No,"[Report schema/runtime](./apps/server/src/index.ts), [report model](./apps/web/src/metadata.ts)"
Report Builder,Row-level formulas as calculated report columns,[Opportunity “Time to Close”](https://trailhead.salesforce.com/content/learn/projects/rd-summary-formulas/rd-row-level-formulas) using `CLOSE_DATE - DATEVALUE(CREATED_DATE)`,https://trailhead.salesforce.com/content/learn/projects/rd-summary-formulas/rd-row-level-formulas,No,"[Report schema/runtime](./apps/server/src/index.ts), [report model](./apps/web/src/metadata.ts)"
Report Builder,"Standard filters for Show Me, status, date field, and documented relative/fiscal date ranges","My Accounts, Open Opportunities, Current FY/Current FQ, and All Time",https://trailhead.salesforce.com/content/learn/modules/lex_implementation_reports_dashboards/lex_implementation_reports_dashboards_filter_your_report; https://trailhead.salesforce.com/content/learn/projects/create-reports-and-dashboards-for-sales-and-marketing-managers/filter-your-reports,Partial,"[Report date/filter model](./apps/web/src/metadata.ts), [report runtime](./apps/server/src/index.ts)"
Report Builder,"Field filters with documented operators, picklist values, blank semantics, and locked run-time values",Account Type equals Customer - Direct; lock Lead Source contains Partner,https://trailhead.salesforce.com/content/learn/modules/lex_implementation_reports_dashboards/lex_implementation_reports_dashboards_filter_your_report; https://trailhead.salesforce.com/content/learn/projects/create-reports-and-dashboards-for-sales-and-marketing-managers/filter-your-reports,Partial,"[Report UI](./apps/web/src/App.tsx), [report schema/runtime](./apps/server/src/index.ts)"
Report Builder,"Custom Boolean filter logic with AND, OR, NOT, and parentheses",`(1 OR 2) AND NOT 3`; `1 AND 2 AND (3 OR 4)`,https://trailhead.salesforce.com/content/learn/modules/lex_implementation_reports_dashboards/lex_implementation_reports_dashboards_filter_your_report; https://trailhead.salesforce.com/content/learn/projects/create-reports-and-dashboards-for-sales-and-marketing-managers/filter-your-reports,Yes,"[Report logic/runtime](./apps/server/src/index.ts), [report tests](./apps/server/test/report-builder.test.ts)"
Report Builder,Cross filters using With/Without related child records and child-field subfilters,Accounts with early-stage Opportunities; Accounts without Opportunities,https://trailhead.salesforce.com/content/learn/modules/lex_implementation_reports_dashboards/lex_implementation_reports_dashboards_filter_your_report; https://trailhead.salesforce.com/content/learn/projects/create-reports-and-dashboards-for-sales-and-marketing-managers/filter-your-reports,Yes,"[Report runtime](./apps/server/src/index.ts), [report tests](./apps/server/test/report-builder.test.ts)"
Report Builder,Tabular row limits with sort field/direction applied in the documented order,Limit a tabular report and select the sort field and direction,https://trailhead.salesforce.com/content/learn/modules/lex_implementation_reports_dashboards/lex_implementation_reports_dashboards_using_report_builder; https://trailhead.salesforce.com/content/learn/projects/create-reports-and-dashboards-for-sales-and-marketing-managers/create-a-simple-custom-report,Yes,"[Report runtime](./apps/server/src/index.ts), [report tests](./apps/server/test/report-builder.test.ts)"
Report Builder,"Report charts independent of dashboard widgets, with chart type, title, and axis settings",Add a Column chart to “Sales Rep Win Rates” and set its Y-axis to Win Rate,https://trailhead.salesforce.com/content/learn/modules/lex_implementation_reports_dashboards/lex_implementation_reports_dashboards_visualizing_data; https://trailhead.salesforce.com/content/learn/projects/create-reports-and-dashboards-for-sales-and-marketing-managers/visualize-your-data-with-conditional-highlighting-report-charts-and-dashboards,Partial,"[Report UI/model](./apps/web/src/App.tsx), [report schema/runtime](./apps/server/src/index.ts)"
Report Builder,"Report folders, subfolders, and access/sharing",Save into Public Reports or Global Sales Reports and share the folder,https://trailhead.salesforce.com/content/learn/projects/create-reports-and-dashboards-for-sales-and-marketing-managers/run-and-modify-a-report,Yes,"[Report/folder UI](./apps/web/src/App.tsx), [report/folder runtime](./apps/server/src/index.ts), [report tests](./apps/server/test/report-builder.test.ts)"
Report Builder,Export report details to CSV with format/encoding choices,Export Details Only as comma-delimited CSV and open in a spreadsheet,https://trailhead.salesforce.com/content/learn/projects/create-reports-and-dashboards-for-sales-and-marketing-managers/manage-reported-data,No,"[Report UI](./apps/web/src/App.tsx), [report routes](./apps/server/src/index.ts)"
Dashboard Builder,"Create, name, describe, save, edit, clone, run/view, and delete dashboards; preserve folder and widgets",Create “Leads Dashboard” or “Global Sales Dashboard” in a selected folder,https://trailhead.salesforce.com/content/learn/projects/create-reports-and-dashboards-for-sales-and-marketing-managers/run-and-modify-a-report; https://trailhead.salesforce.com/content/learn/modules/reports-dashboards-quick-look/learn-about-reports-and-dashboards,Yes,"[Dashboard Builder](./apps/web/src/DashboardBuilder.tsx), [dashboard runtime/tests](./apps/server/test/report-builder.test.ts)"
Dashboard Builder,Add report-backed chart/table widgets; choose source report and visualization,Use “Leads by Lead Source” as a donut chart or a report as a Lightning Table,https://trailhead.salesforce.com/content/learn/modules/lex_implementation_reports_dashboards/lex_implementation_reports_dashboards_visualizing_data; https://trailhead.salesforce.com/content/learn/projects/create-reports-and-dashboards-for-sales-and-marketing-managers/visualize-your-data-with-conditional-highlighting-report-charts-and-dashboards; https://trailhead.salesforce.com/content/learn/modules/reports-dashboards-quick-look/learn-about-reports-and-dashboards,Yes,"[Dashboard Builder](./apps/web/src/DashboardBuilder.tsx), [dashboard metadata](./apps/web/src/metadata.ts), [report tests](./apps/server/test/report-builder.test.ts)"
Dashboard Builder,"Configure metric and gauge widgets, measures, display, thresholds, title/subtitle/footer",Sum of Amount metric with display units and segment ranges; Win Rate gauge,https://trailhead.salesforce.com/content/learn/modules/lex_implementation_reports_dashboards/lex_implementation_reports_dashboards_visualizing_data; https://trailhead.salesforce.com/content/learn/projects/create-reports-and-dashboards-for-sales-and-marketing-managers/visualize-your-data-with-conditional-highlighting-report-charts-and-dashboards; https://trailhead.salesforce.com/content/learn/modules/reports-dashboards-quick-look/learn-about-reports-and-dashboards,Yes,"[Dashboard Builder](./apps/web/src/DashboardBuilder.tsx), [dashboard tests](./apps/server/test/report-builder.test.ts)"
Dashboard Builder,Rich-text and image widgets,Add rich text or an image to a dashboard,https://trailhead.salesforce.com/content/learn/modules/lex_implementation_reports_dashboards/lex_implementation_reports_dashboards_visualizing_data; https://trailhead.salesforce.com/content/learn/projects/create-reports-and-dashboards-for-sales-and-marketing-managers/visualize-your-data-with-conditional-highlighting-report-charts-and-dashboards; https://trailhead.salesforce.com/content/learn/modules/reports-dashboards-quick-look/learn-about-reports-and-dashboards,Yes,"[Dashboard Builder](./apps/web/src/DashboardBuilder.tsx), [dashboard tests](./apps/server/test/report-builder.test.ts)"
Dashboard Builder,"Drag, reorder, resize, and arrange widgets in a responsive grid",Place metric beside a chart and resize dashboard widgets,https://trailhead.salesforce.com/content/learn/modules/lex_implementation_reports_dashboards/lex_implementation_reports_dashboards_visualizing_data; https://trailhead.salesforce.com/content/learn/projects/create-reports-and-dashboards-for-sales-and-marketing-managers/visualize-your-data-with-conditional-highlighting-report-charts-and-dashboards; https://trailhead.salesforce.com/content/learn/modules/reports-dashboards-quick-look/learn-about-reports-and-dashboards,Yes,"[Dashboard Builder](./apps/web/src/DashboardBuilder.tsx), [dashboard tests](./apps/server/test/report-builder.test.ts)"
Dashboard Builder,Dashboard filters and interactions,Add dashboard filters and apply them to compatible widgets,https://trailhead.salesforce.com/content/learn/modules/lex_implementation_reports_dashboards/lex_implementation_reports_dashboards_visualizing_data; https://trailhead.salesforce.com/content/learn/projects/create-reports-and-dashboards-for-sales-and-marketing-managers/visualize-your-data-with-conditional-highlighting-report-charts-and-dashboards; https://trailhead.salesforce.com/content/learn/modules/reports-dashboards-quick-look/learn-about-reports-and-dashboards,Yes,"[Dashboard Builder](./apps/web/src/DashboardBuilder.tsx), [dashboard runtime/tests](./apps/server/test/report-builder.test.ts)"
Dashboard Builder,Fixed and dynamic running-user behavior; viewer sees records permitted by their access,Set “View Dashboard As” to dashboard viewer; preview an eligible user,https://trailhead.salesforce.com/content/learn/modules/reports-dashboards-quick-look/learn-about-reports-and-dashboards; https://trailhead.salesforce.com/content/learn/modules/lex_implementation_reports_dashboards/lex_implementation_reports_dashboards_visualizing_data,Yes,"[Dashboard runtime](./apps/server/src/index.ts), [RBAC/sharing tests](./apps/server/test/rbac-sharing.smoke.test.ts)"
Dashboard Builder,"Folder discovery, sharing, and source-report access",Share a dashboard folder with a role/team; keep report access enforced,https://trailhead.salesforce.com/content/learn/modules/reports-dashboards-quick-look/learn-about-reports-and-dashboards; https://trailhead.salesforce.com/content/learn/modules/lex_implementation_reports_dashboards/lex_implementation_reports_dashboards_visualizing_data,Yes,"[Dashboard Builder](./apps/web/src/DashboardBuilder.tsx), [dashboard access tests](./apps/server/test/dashboard-access.test.ts), [RBAC/sharing tests](./apps/server/test/rbac-sharing.smoke.test.ts)"
Dashboard Builder,"Refresh, snapshots, and scheduled delivery",Refresh dashboard data and schedule a dashboard to refresh/email,https://trailhead.salesforce.com/content/learn/modules/lex_implementation_reports_dashboards/lex_implementation_reports_dashboards_visualizing_data; https://trailhead.salesforce.com/content/learn/projects/create-reports-and-dashboards-for-sales-and-marketing-managers/visualize-your-data-with-conditional-highlighting-report-charts-and-dashboards; https://trailhead.salesforce.com/content/learn/modules/reports-dashboards-quick-look/learn-about-reports-and-dashboards,Yes,"[Dashboard Builder](./apps/web/src/DashboardBuilder.tsx), [dashboard runtime/tests](./apps/server/test/report-builder.test.ts)"
Dashboard Builder,Exclude joined and historical-trend reports as dashboard sources,Trailhead notes these report types cannot be selected as dashboard sources,https://trailhead.salesforce.com/content/learn/modules/lex_implementation_reports_dashboards/lex_implementation_reports_dashboards_visualizing_data; https://trailhead.salesforce.com/content/learn/projects/create-reports-and-dashboards-for-sales-and-marketing-managers/visualize-your-data-with-conditional-highlighting-report-charts-and-dashboards; https://trailhead.salesforce.com/content/learn/modules/reports-dashboards-quick-look/learn-about-reports-and-dashboards,Yes,[Report tests](./apps/server/test/report-builder.test.ts)
Lightning App Builder / Page Builder,"Create App, Home, and Record pages; label and save pages","Create a Home Page, Opportunity Record Page, and App Page",https://trailhead.salesforce.com/content/learn/modules/lightning_app_builder/lightning_app_builder_intro; https://trailhead.salesforce.com/content/learn/modules/lightning_app_builder/lightning_app_builder_homepage; https://trailhead.salesforce.com/content/learn/modules/lightning_app_builder/lightning_app_builder_recordpage; https://trailhead.salesforce.com/content/learn/modules/lightning_app_builder/lightning_app_builder_apphome,Yes,"[Page model](./apps/web/src/metadata.ts), [Page Builder](./apps/web/src/App.tsx)"
Lightning App Builder / Page Builder,"Template-defined regions, component palette, canvas, properties pane, page list, drag/reorder",Build a page from a template and arrange components in its regions,https://trailhead.salesforce.com/content/learn/modules/lightning_app_builder,Partial,"[Page model](./apps/web/src/metadata.ts), [component catalog](./apps/web/src/componentCatalog.ts), [Page Builder](./apps/web/src/App.tsx)"
Lightning App Builder / Page Builder,"Cut/copy/paste, undo/redo, save/activate, preview by device, canvas sizing",Use the Builder toolbar to modify and preview a page,https://trailhead.salesforce.com/content/learn/modules/lightning_app_builder,Partial,[Page Builder](./apps/web/src/App.tsx)
Lightning App Builder / Page Builder,"Standard, custom, and AgentExchange components",Add a configured Opportunity Alert custom component from a package,https://trailhead.salesforce.com/content/learn/modules/lightning_app_builder/lightning_app_builder_custom_comps,Partial,"[component catalog](./apps/web/src/componentCatalog.ts), [Component Library](./apps/web/src/ComponentLibrary.tsx)"
Lightning App Builder / Page Builder,"Home page component authoring, cloning, and activation for org/app/profile",Assign a custom Home page to the Sales app and System Administrator profile,https://trailhead.salesforce.com/content/learn/modules/lightning_app_builder,Partial,"[Page Builder](./apps/web/src/App.tsx), [page metadata](./apps/web/src/metadata.ts)"
Lightning App Builder / Page Builder,"Record page components and properties, including Highlights Panel, Path, Chatter, Tabs, Record Detail, Related Lists, Activities",Build an Opportunity page with Header/Subheader/Right Sidebar and component tabs,https://trailhead.salesforce.com/content/learn/modules/lightning_app_builder,Partial,"[component catalog](./apps/web/src/componentCatalog.ts), [Page Builder](./apps/web/src/App.tsx)"
Lightning App Builder / Page Builder,"App pages with lists, recent items, global actions, navigation tab settings",Create an App Page with List View and Recent Items; add global actions and navigation,https://trailhead.salesforce.com/content/learn/modules/lightning_app_builder,Partial,"[Page Builder](./apps/web/src/App.tsx), [App Manager](./apps/web/src/AppManager.tsx)"
Lightning App Builder / Page Builder,Activate pages by org/app/app+profile/app+record type+profile and Desktop/Phone form factor,"Assign an Opportunity page to Sales, Master, System Administrator, desktop and phone",https://trailhead.salesforce.com/content/learn/modules/lightning_app_builder,Partial,"[page metadata](./apps/web/src/metadata.ts), [Page Builder](./apps/web/src/App.tsx)"
Lightning App Builder / Page Builder,"Dynamic Forms migration, field/section components, cross-object fields, Dynamic Highlights Panel","Migrate Record Detail, arrange field sections, add cross-object fields, select up to 12 highlights",https://trailhead.salesforce.com/content/learn/modules/lightning_app_builder/get-started-with-dynamic-forms-lab,Partial,"[Page Builder](./apps/web/src/App.tsx), [page metadata](./apps/web/src/metadata.ts)"
Lightning App Builder / Page Builder,"Component, field, and section visibility filters with Boolean logic and device conditions","Show a component when Amount and Stage conditions match, or only on Phone",https://trailhead.salesforce.com/content/learn/modules/lightning_app_builder,No,"[page metadata](./apps/web/src/metadata.ts), [Page Builder](./apps/web/src/App.tsx)"
Lightning App Builder / Page Builder,Embed a Dashboard on a Home Page and configure its display/filter settings,Add Dashboard component to a Home Page and select a dashboard,https://trailhead.salesforce.com/content/learn/projects/rd-embed-reports-dashboards/rd-embed-dashboard,No,[component catalog](./apps/web/src/componentCatalog.ts)
Lightning App Builder / Page Builder,Embed a Report Chart on a Record Page with component visibility,"Add a report chart to an Account page and activate for an app, record type, and profiles",https://trailhead.salesforce.com/content/learn/projects/rd-embed-reports-dashboards/rd-embed-report-chart,Partial,"[component catalog](./apps/web/src/componentCatalog.ts), [Page Builder](./apps/web/src/App.tsx)"
App Manager and Metadata-Driven Behavior,"Configure app label, branding, navigation items/order, app pages, and utility bar",Edit an app in App Manager / Lightning App Builder,https://trailhead.salesforce.com/content/learn/modules/lightning_app_builder,Partial,"[App Manager](./apps/web/src/AppManager.tsx), [app metadata](./apps/web/src/metadata.ts)"
App Manager and Metadata-Driven Behavior,Metadata-defined pages and components drive the saved runtime page,"Arrange components, save, activate, then view the assigned page",https://trailhead.salesforce.com/content/learn/modules/lightning_app_builder,Partial,"[Page Builder](./apps/web/src/App.tsx), [page metadata](./apps/web/src/metadata.ts)"
App Manager and Metadata-Driven Behavior,"Formula fields compute from same-object and related-object values and appear on pages, reports, and lists",Display Account Number on Contact; calculate days to Opportunity Close Date,https://trailhead.salesforce.com/content/learn/modules/point_click_business_logic/formula_fields,Partial,"[Object Manager/formula UI](./apps/web/src/App.tsx), [formula runtime](./apps/server/src/index.ts)"
App Manager and Metadata-Driven Behavior,Roll-up summary values derive COUNT/SUM/MIN/MAX from master-detail child records,Sum Opportunity Amounts on the parent Account,https://trailhead.salesforce.com/content/learn/modules/point_click_business_logic/roll_up_summary_fields,No,"[field model](./apps/web/src/metadata.ts), [Object Manager UI](./apps/web/src/App.tsx)"
App Manager and Metadata-Driven Behavior,Schema Builder visualizes and edits objects/fields/relationships on a canvas,Auto-layout selected objects; drag fields and relationships onto the schema canvas,https://trailhead.salesforce.com/content/learn/modules/data_modeling/schema_builder,No,[workspace registry](./apps/web/src/metadata.ts)
App Manager and Metadata-Driven Behavior,Custom components and configuration are metadata-backed and execute on supported surfaces,Configure an installed custom Lightning component and test its properties,https://trailhead.salesforce.com/content/learn/modules/lightning_app_builder,Partial,"[Component Library](./apps/web/src/ComponentLibrary.tsx), [component catalog](./apps/web/src/componentCatalog.ts)"
Object Manager,Setup navigation/Quick Find and Object Manager entry to standard/custom objects,Locate Object Manager and open an object’s Fields & Relationships,https://trailhead.salesforce.com/content/learn/modules/setup-quick-look/learn-to-use-setup-and-the-object-manager,Partial,"[workspace/navigation metadata](./apps/web/src/metadata.ts), [live Object Manager](./apps/web/src/App.tsx)"
Object Manager,"Create/edit custom objects; labels, plural labels, record-name configuration, descriptions, search, custom tab","Create Property, enable Allow Search, launch custom-tab wizard",https://trailhead.salesforce.com/content/learn/modules/lex_customization/lex_customization_custom_objects; https://trailhead.salesforce.com/content/learn/modules/data_modeling/objects_intro,Partial,"[Object Manager UI](./apps/web/src/App.tsx), [object schema/runtime](./apps/server/src/index.ts)"
Object Manager,"Standard and custom object types, including External Objects and Big Objects","Trailhead distinguishes standard/custom objects and also describes external objects, platform events, and BigObjects",https://trailhead.salesforce.com/content/learn/modules/lex_customization/lex_customization_custom_objects; https://trailhead.salesforce.com/content/learn/modules/data_modeling/objects_intro,Partial,"[object model](./apps/web/src/metadata.ts), [server schema](./apps/server/src/index.ts)"
Object Manager,"Create custom fields with type-specific properties, defaults, required/unique constraints, picklists, help text, and history tracking",Add Property Price; create picklist/lookup/number/long-text fields,https://trailhead.salesforce.com/content/learn/modules/setup-quick-look/learn-to-use-setup-and-the-object-manager; https://trailhead.salesforce.com/content/learn/modules/lex_customization/lex_customization_custom_objects,Partial,"[field model](./apps/web/src/metadata.ts), [Object Manager UI](./apps/web/src/App.tsx)"
Object Manager,"Lookup, master-detail, and User hierarchical relationships; related records and dependency behavior",Create Favorite-to-Contact lookup and Favorite-to-Property master-detail,https://trailhead.salesforce.com/content/learn/modules/data_modeling/object_relationships,Partial,"[field/object models](./apps/web/src/metadata.ts), [relationship runtime/tests](./apps/server/test/rbac-sharing.smoke.test.ts)"
Object Manager,"Formula field editor with return type, Insert Field/Operator/Functions, Check Syntax, cross-object access",Contact formula displays related Account Number; Opportunity formula calculates date difference,https://trailhead.salesforce.com/content/learn/modules/point_click_business_logic/formula_fields,Partial,"[Object Manager UI](./apps/web/src/App.tsx), [formula runtime](./apps/server/src/index.ts)"
Object Manager,"Validation Rules with formula expression, field/object error message, syntax validation, and save","Reject invalid Account Number, date, range, or Website values",https://trailhead.salesforce.com/content/learn/modules/point_click_business_logic/formula_fields,No,"[object model](./apps/web/src/metadata.ts), [server schema](./apps/server/src/index.ts)"
Object Manager,"Page Layout editor for sections, fields, actions, buttons, links, and related lists",Add Files related list; reorganize fields and related lists,https://trailhead.salesforce.com/content/learn/modules/lex_customization/lex_customization_page_layouts,Partial,"[layout model](./apps/web/src/metadata.ts), [Object Manager UI](./apps/web/src/App.tsx)"
Object Manager,"Record Types with active state, profile availability, business process, layout mapping, and picklist restrictions",Customer vs Partner Account with different Industry and Type picklist values,https://trailhead.salesforce.com/content/learn/projects/customize-a-salesforce-object/create-record-types,Partial,"[record type model](./apps/web/src/metadata.ts), [Object Manager UI](./apps/web/src/App.tsx), [record type tests](./apps/server/test/rbac-sharing.smoke.test.ts)"
Object Manager,"Compact Layout ordered fields and primary assignment; highlights, expanded lookup cards, activity details, and mobile","Make Energy Audit Name first, assign the compact layout, and see it in highlights/lookup cards",https://trailhead.salesforce.com/content/learn/modules/lex_customization/lex_customization_compact_layouts,Partial,"[compact layout model](./apps/web/src/metadata.ts), [Object Manager UI](./apps/web/src/App.tsx)"
Object Manager,"Lookup Filters using target/source fields, user/profile/role context, required/optional behavior",Restrict User lookup to Support Users; require Case Contact to belong to selected Account,https://trailhead.salesforce.com/content/learn/projects/customize-a-salesforce-object/create-lookup-filters,Partial,"[lookup filter model](./apps/web/src/metadata.ts), [Object Manager UI](./apps/web/src/App.tsx), [lookup/runtime tests](./apps/server/test/rbac-sharing.smoke.test.ts)"
Object Manager,"Search layouts for object search results, lookup dialog, and object-tab key lists","Configure fields shown in search results, lookup search results, and key lists",https://trailhead.salesforce.com/content/learn/modules/data_security/data_security_fields,Partial,"[object model](./apps/web/src/metadata.ts), [Object Manager UI](./apps/web/src/App.tsx)"
Object Manager,"Object CRUD permissions and field-level Read/Edit security, kept distinct from page-layout visibility","Set object permissions with profiles or permission sets, then configure field access and compare it with page layouts",https://trailhead.salesforce.com/content/learn/modules/data_security/data_security_objects; https://trailhead.salesforce.com/content/learn/modules/data_security/data_security_fields,Partial,"[Object Manager and access models](./apps/web/src/metadata.ts), [RBAC/sharing tests](./apps/server/test/rbac-sharing.smoke.test.ts)"
Object Manager,"Record-level access using organization-wide defaults, role hierarchy, sharing rules, groups, and manual sharing","Set OWD, build a role hierarchy, then share records with a group using Read Only or Read/Write",https://trailhead.salesforce.com/content/learn/modules/data_security/data_security_records; https://trailhead.salesforce.com/content/learn/modules/data_security/data_security_roles; https://trailhead.salesforce.com/content/learn/modules/data_security/data_security_sharing_rules,Partial,"[RBAC/sharing tests](./apps/server/test/rbac-sharing.smoke.test.ts), [server authorization](./apps/server/src/index.ts)"
