"Module","Task ID","Salesforce feature/task","Trailhead example","Trailhead/source URL","UNEEngine status","UNEEngine evidence"
"Object Manager","OBJ-001","Browse/search standard and custom objects; object list actions","Setup > Object Manager: find an object and open its configuration","https://trailhead.salesforce.com/content/learn/modules/setup-quick-look/learn-to-use-setup-and-the-object-manager","Partial","[Object Manager](./apps/web/src/App.tsx); [metadata](./apps/web/src/metadata.ts); [server](./apps/server/src/index.ts)"
"Object Manager","OBJ-002","Create custom object: singular/plural labels and API name","Create the Property custom object","https://trailhead.salesforce.com/content/learn/modules/lex_customization/lex_customization_custom_objects","Partial","[Object Manager](./apps/web/src/App.tsx); [metadata](./apps/web/src/metadata.ts); [server](./apps/server/src/index.ts)"
"Object Manager","OBJ-003","Edit object description, help text, deployment status and supported features","Set object details and Allow Search; save and reopen","https://trailhead.salesforce.com/content/learn/modules/lex_customization/lex_customization_custom_objects","Partial","[Object Manager](./apps/web/src/App.tsx); [metadata](./apps/web/src/metadata.ts); [server](./apps/server/src/index.ts)"
"Object Manager","OBJ-004","Configure record name as Text or Auto Number, including display format and starting value","Create a named custom object with an auto-number record name","https://trailhead.salesforce.com/content/learn/modules/lex_customization/lex_customization_custom_objects","Partial","[Object Manager](./apps/web/src/App.tsx); [metadata](./apps/web/src/metadata.ts); [server](./apps/server/src/index.ts)"
"Object Manager","OBJ-005","Create and manage the custom object tab; select icon and tab visibility","Launch the custom-tab wizard for the Property object","https://trailhead.salesforce.com/content/learn/modules/lex_customization/lex_customization_custom_objects","Partial","[Object Manager](./apps/web/src/App.tsx); [metadata](./apps/web/src/metadata.ts); [server](./apps/server/src/index.ts)"
"Object Manager","OBJ-006","Delete custom objects with dependency warning and safe data handling","Delete a custom object only after reviewing its references","https://trailhead.salesforce.com/content/learn/modules/setup-quick-look/learn-to-use-setup-and-the-object-manager","Partial","[Object Manager](./apps/web/src/App.tsx); [metadata](./apps/web/src/metadata.ts); [server](./apps/server/src/index.ts)"
"Object Manager","OBJ-007","Create/edit fields with labels, API names, descriptions and help text","Add Price and other fields to a custom object","https://trailhead.salesforce.com/content/learn/modules/lex_customization/lex_customization_custom_objects","Partial","[Object Manager](./apps/web/src/App.tsx); [metadata](./apps/web/src/metadata.ts); [server](./apps/server/src/index.ts)"
"Object Manager","OBJ-008","Field types: Text, Text Area, Long Text Area, Rich Text Area and Encrypted Text","Choose a text field type and configure its length/display properties","https://trailhead.salesforce.com/content/learn/modules/lex_customization/lex_customization_custom_objects","Partial","[Object Manager](./apps/web/src/App.tsx); [metadata](./apps/web/src/metadata.ts); [server](./apps/server/src/index.ts)"
"Object Manager","OBJ-009","Field types: Number, Currency, Percent, Date, Date/Time and Time","Create typed fields and use them on records","https://trailhead.salesforce.com/content/learn/modules/lex_customization/lex_customization_custom_objects","Partial","[Object Manager](./apps/web/src/App.tsx); [metadata](./apps/web/src/metadata.ts); [server](./apps/server/src/index.ts)"
"Object Manager","OBJ-010","Field types: Checkbox, Email, Phone, URL and Auto Number","Choose the appropriate field type and set type-specific options","https://trailhead.salesforce.com/content/learn/modules/lex_customization/lex_customization_custom_objects","Partial","[Object Manager](./apps/web/src/App.tsx); [metadata](./apps/web/src/metadata.ts); [server](./apps/server/src/index.ts)"
"Object Manager","OBJ-011","Field types: Picklist and Multi-Select Picklist","Define values, order, defaults and restricted picklist behavior","https://trailhead.salesforce.com/content/learn/modules/lex_customization/lex_customization_custom_objects","Partial","[Object Manager](./apps/web/src/App.tsx); [metadata](./apps/web/src/metadata.ts); [server](./apps/server/src/index.ts)"
"Object Manager","OBJ-012","Field types: Lookup and Master-Detail Relationship","Create a Favorite lookup to Contact and master-detail to Property","https://trailhead.salesforce.com/content/learn/modules/data_modeling/object_relationships","Partial","[Object Manager](./apps/web/src/App.tsx); [metadata](./apps/web/src/metadata.ts); [server](./apps/server/src/index.ts)"
"Object Manager","OBJ-013","Field types: Formula and Roll-Up Summary","Create a formula or parent summary field","https://trailhead.salesforce.com/content/learn/modules/point_click_business_logic/formula_fields; https://trailhead.salesforce.com/content/learn/modules/point_click_business_logic/roll_up_summary_fields","No","[Object Manager](./apps/web/src/App.tsx); [metadata](./apps/web/src/metadata.ts); [server](./apps/server/src/index.ts)"
"Object Manager","OBJ-014","Field types: External Lookup, Indirect Lookup, Hierarchical and Geolocation where supported","Configure specialized relationships/location fields where shown by the selected object wizard","https://trailhead.salesforce.com/content/learn/modules/data_modeling","Partial","[Object Manager](./apps/web/src/App.tsx); [metadata](./apps/web/src/metadata.ts); [server](./apps/server/src/index.ts)"
"Object Manager","OBJ-015","Required, unique, external ID, default value, case sensitivity and type-specific field properties","Set field constraints and defaults and verify record entry","https://trailhead.salesforce.com/content/learn/modules/lex_customization/lex_customization_custom_objects","Partial","[Object Manager](./apps/web/src/App.tsx); [metadata](./apps/web/src/metadata.ts); [server](./apps/server/src/index.ts)"
"Object Manager","OBJ-016","Picklist value ordering, defaults, restricted values and record-type-specific values","Create Customer and Partner record types with different Industry values","https://trailhead.salesforce.com/content/learn/projects/customize-a-salesforce-object/create-record-types","Partial","[Object Manager](./apps/web/src/App.tsx); [metadata](./apps/web/src/metadata.ts); [server](./apps/server/src/index.ts)"
"Object Manager","OBJ-017","Field dependencies: controlling/dependent picklists and dependency mapping","Restrict dependent picklist values based on controlling field","https://trailhead.salesforce.com/content/learn/modules/lex_customization/lex_customization_custom_objects","Partial","[Object Manager](./apps/web/src/App.tsx); [metadata](./apps/web/src/metadata.ts); [server](./apps/server/src/index.ts)"
"Object Manager","OBJ-018","Field-level security: Read/Edit access by profile or permission set","Set field visibility/editability separately from page layout placement","https://trailhead.salesforce.com/content/learn/modules/data_security","Partial","[Object Manager](./apps/web/src/App.tsx); [metadata](./apps/web/src/metadata.ts); [server](./apps/server/src/index.ts)"
"Object Manager","OBJ-019","Lookup relationships: child relationship name, requiredness, delete behavior and reparenting options","Configure lookup relationship behavior and view related records","https://trailhead.salesforce.com/content/learn/modules/data_modeling/object_relationships","Partial","[Object Manager](./apps/web/src/App.tsx); [metadata](./apps/web/src/metadata.ts); [server](./apps/server/src/index.ts)"
"Object Manager","OBJ-020","Master-detail relationships: ownership inheritance, cascade delete, required parent and roll-up eligibility","Create child records controlled by a master record","https://trailhead.salesforce.com/content/learn/modules/data_modeling/object_relationships; https://trailhead.salesforce.com/content/learn/modules/point_click_business_logic/roll_up_summary_fields","Partial","[Object Manager](./apps/web/src/App.tsx); [metadata](./apps/web/src/metadata.ts); [server](./apps/server/src/index.ts)"
"Object Manager","OBJ-021","Lookup filters with multiple criteria, filter logic, required/optional selection and source/target fields","Require Case Contact to belong to the selected Account","https://trailhead.salesforce.com/content/learn/projects/customize-a-salesforce-object/create-lookup-filters","Partial","[Object Manager](./apps/web/src/App.tsx); [metadata](./apps/web/src/metadata.ts); [server](./apps/server/src/index.ts)"
"Object Manager","OBJ-022","Formula field editor: return type, field/operator/function insertion and syntax check","Cross-object Account Number formula; days until Opportunity Close Date","https://trailhead.salesforce.com/content/learn/modules/point_click_business_logic/formula_fields","Partial","[Object Manager](./apps/web/src/App.tsx); [metadata](./apps/web/src/metadata.ts); [server](./apps/server/src/index.ts)"
"Object Manager","OBJ-023","Formula evaluation, cross-object references, functions, null handling and use on pages/reports/lists","Display computed values consistently on supported surfaces","https://trailhead.salesforce.com/content/learn/modules/point_click_business_logic/formula_fields","Partial","[Object Manager](./apps/web/src/App.tsx); [metadata](./apps/web/src/metadata.ts); [server](./apps/server/src/index.ts)"
"Object Manager","OBJ-024","Roll-up summary operations COUNT, SUM, MIN and MAX with filter criteria","Sum related Opportunity Amounts on Account","https://trailhead.salesforce.com/content/learn/modules/point_click_business_logic/roll_up_summary_fields","No","[Object Manager](./apps/web/src/App.tsx); [metadata](./apps/web/src/metadata.ts); [server](./apps/server/src/index.ts)"
"Object Manager","OBJ-025","Validation Rules: formula condition, syntax check, error message and error location","Reject an Account Number unless it is eight characters","https://trailhead.salesforce.com/content/learn/modules/point_click_business_logic/validation_rules","No","[Object Manager](./apps/web/src/App.tsx); [metadata](./apps/web/src/metadata.ts); [server](./apps/server/src/index.ts)"
"Object Manager","OBJ-026","Validation Rules: cross-field/date/range/picklist/format validation","Validate current-year dates, numeric values, ranges and website formats","https://trailhead.salesforce.com/content/learn/modules/point_click_business_logic/validation_rules","No","[Object Manager](./apps/web/src/App.tsx); [metadata](./apps/web/src/metadata.ts); [server](./apps/server/src/index.ts)"
"Object Manager","OBJ-027","Record Types: create/edit/activate/deactivate and profile availability","Create Customer Account and Partner Account record types","https://trailhead.salesforce.com/content/learn/projects/customize-a-salesforce-object/create-record-types","Partial","[Object Manager](./apps/web/src/App.tsx); [metadata](./apps/web/src/metadata.ts); [server](./apps/server/src/index.ts)"
"Object Manager","OBJ-028","Record Types: business process, page layout assignment, defaults and picklist restrictions","Assign different layouts and picklist values to each account type","https://trailhead.salesforce.com/content/learn/projects/customize-a-salesforce-object/create-record-types","Partial","[Object Manager](./apps/web/src/App.tsx); [metadata](./apps/web/src/metadata.ts); [server](./apps/server/src/index.ts)"
"Object Manager","OBJ-029","Page Layouts: create, clone, rename, assign and edit layouts","Create Account page layouts for different record types","https://trailhead.salesforce.com/content/learn/modules/lex_customization/lex_customization_page_layouts","Partial","[Object Manager](./apps/web/src/App.tsx); [metadata](./apps/web/src/metadata.ts); [server](./apps/server/src/index.ts)"
"Object Manager","OBJ-030","Page Layout editor palette and layout sections; add/reorder fields and sections","Arrange fields into sections and columns","https://trailhead.salesforce.com/content/learn/modules/lex_customization/lex_customization_page_layouts","Partial","[Object Manager](./apps/web/src/App.tsx); [metadata](./apps/web/src/metadata.ts); [server](./apps/server/src/index.ts)"
"Object Manager","OBJ-031","Page Layout editor: actions, buttons, links, mobile actions and related lists","Add actions and Files related list to an Account layout","https://trailhead.salesforce.com/content/learn/modules/lex_customization/lex_customization_page_layouts","Partial","[Object Manager](./apps/web/src/App.tsx); [metadata](./apps/web/src/metadata.ts); [server](./apps/server/src/index.ts)"
"Object Manager","OBJ-032","Related List properties: columns, order, buttons and display behavior","Select related-list columns and reorder lists","https://trailhead.salesforce.com/content/learn/modules/lex_customization/lex_customization_page_layouts","Partial","[Object Manager](./apps/web/src/App.tsx); [metadata](./apps/web/src/metadata.ts); [server](./apps/server/src/index.ts)"
"Object Manager","OBJ-033","Compact Layouts: create, edit, order fields, assign primary/default layout","Put Energy Audit Name first and assign the compact layout","https://trailhead.salesforce.com/content/learn/modules/lex_customization/lex_customization_compact_layouts","Partial","[Object Manager](./apps/web/src/App.tsx); [metadata](./apps/web/src/metadata.ts); [server](./apps/server/src/index.ts)"
"Object Manager","OBJ-034","Compact Layout consumers: highlights panel, lookup cards, activity details and mobile","Verify ordered compact fields in record highlights and lookup cards","https://trailhead.salesforce.com/content/learn/modules/lex_customization/lex_customization_compact_layouts","Partial","[Object Manager](./apps/web/src/App.tsx); [metadata](./apps/web/src/metadata.ts); [server](./apps/server/src/index.ts)"
"Object Manager","OBJ-035","Search Layouts: search results, lookup dialog, phone lookup and object-tab key lists","Configure fields shown in search/lookup results and key lists","https://trailhead.salesforce.com/content/learn/modules/data_security","Partial","[Object Manager](./apps/web/src/App.tsx); [metadata](./apps/web/src/metadata.ts); [server](./apps/server/src/index.ts)"
"Object Manager","OBJ-036","Field Sets: create, edit, order fields, delete and expose to consuming UI","Create a field set and use its ordered fields in a record view","https://trailhead.salesforce.com/content/learn/modules/setup-quick-look/learn-to-use-setup-and-the-object-manager","Partial","[Object Manager](./apps/web/src/App.tsx); [metadata](./apps/web/src/metadata.ts); [server](./apps/server/src/index.ts)"
"Object Manager","OBJ-037","Buttons, Links and Actions: create/edit custom buttons, links and actions","Configure object actions and expose supported actions on layouts","https://trailhead.salesforce.com/content/learn/modules/setup-quick-look/learn-to-use-setup-and-the-object-manager","Partial","[Object Manager](./apps/web/src/App.tsx); [metadata](./apps/web/src/metadata.ts); [server](./apps/server/src/index.ts)"
"Object Manager","OBJ-038","List View Button Layout: select and order list-view buttons","Set which object actions appear in list views","https://trailhead.salesforce.com/content/learn/modules/setup-quick-look/learn-to-use-setup-and-the-object-manager","Partial","[Object Manager](./apps/web/src/App.tsx); [metadata](./apps/web/src/metadata.ts); [server](./apps/server/src/index.ts)"
"Object Manager","OBJ-039","Object Limits/usage information without fabricated edition caps","Inspect object metadata usage counters","https://trailhead.salesforce.com/content/learn/modules/setup-quick-look/learn-to-use-setup-and-the-object-manager","Partial","[Object Manager](./apps/web/src/App.tsx); [metadata](./apps/web/src/metadata.ts); [server](./apps/server/src/index.ts)"
"Object Manager","OBJ-040","Object-specific Details and all exposed navigation sections/actions","Inspect Details, Fields, Layouts, Record Pages, Actions, Compact Layouts, Field Sets, Limits, Record Types, Lookup Filters, Search Layouts and button layout","https://trailhead.salesforce.com/content/learn/modules/setup-quick-look/learn-to-use-setup-and-the-object-manager","Partial","[Object Manager](./apps/web/src/App.tsx); [metadata](./apps/web/src/metadata.ts); [server](./apps/server/src/index.ts)"
"Object Manager","OBJ-041","Standard-object restrictions versus custom-object configuration","Attempt edits appropriate to a standard object and reject unsupported metadata","https://trailhead.salesforce.com/content/learn/modules/setup-quick-look/learn-to-use-setup-and-the-object-manager","Partial","[Object Manager](./apps/web/src/App.tsx); [metadata](./apps/web/src/metadata.ts); [server](./apps/server/src/index.ts)"
"Object Manager","OBJ-042","Metadata dependency handling for field/object/layout/record-type deletion","Block or explain deletion when another definition references the metadata","https://trailhead.salesforce.com/content/learn/modules/setup-quick-look/learn-to-use-setup-and-the-object-manager","Partial","[Object Manager](./apps/web/src/App.tsx); [metadata](./apps/web/src/metadata.ts); [server](./apps/server/src/index.ts)"
"Object Manager","OBJ-043","Object and field metadata lifecycle: save, reload, clone where supported and safe delete","Create/edit metadata and verify persisted state after reload","https://trailhead.salesforce.com/content/learn/modules/setup-quick-look/learn-to-use-setup-and-the-object-manager","Partial","[Object Manager](./apps/web/src/App.tsx); [metadata](./apps/web/src/metadata.ts); [server](./apps/server/src/index.ts)"
"Object Manager","OBJ-044","Object/field history tracking configuration and runtime history display","Enable tracking on supported fields and inspect change history","https://trailhead.salesforce.com/content/learn/modules/lex_customization/lex_customization_custom_objects","Partial","[Object Manager](./apps/web/src/App.tsx); [metadata](./apps/web/src/metadata.ts); [server](./apps/server/src/index.ts)"
"Object Manager","OBJ-045","Allow Reports, Activities, Notes/Attachments and other object feature toggles where exposed","Enable object capabilities and verify resulting record surfaces","https://trailhead.salesforce.com/content/learn/modules/lex_customization/lex_customization_custom_objects","Partial","[Object Manager](./apps/web/src/App.tsx); [metadata](./apps/web/src/metadata.ts); [server](./apps/server/src/index.ts)"
"Object Manager","OBJ-046","Schema Builder visual object/field/relationship canvas","Auto-layout objects; create an object, field or relationship from the canvas","https://trailhead.salesforce.com/content/learn/modules/data_modeling/schema_builder","No","[Object Manager](./apps/web/src/App.tsx); [metadata](./apps/web/src/metadata.ts); [server](./apps/server/src/index.ts)"
"Object Manager","OBJ-047","Object CRUD and field-level security integrated with pages, reports, search and APIs","Set object CRUD and field read/edit access and verify every consumer","https://trailhead.salesforce.com/content/learn/modules/data_security","Partial","[Object Manager](./apps/web/src/App.tsx); [metadata](./apps/web/src/metadata.ts); [server](./apps/server/src/index.ts)"
"Object Manager","OBJ-048","Record visibility: OWD, role hierarchy, sharing rules, groups and manual sharing","Configure record-level access and verify user-specific visibility","https://trailhead.salesforce.com/content/learn/modules/data_security","Partial","[Object Manager](./apps/web/src/App.tsx); [metadata](./apps/web/src/metadata.ts); [server](./apps/server/src/index.ts)"
"Report Builder","REP-049","Report folders: create, rename, move, delete, create subfolders and manage access","Create Global Sales Reports folder and share it with a sales group","https://trailhead.salesforce.com/content/learn/projects/create-reports-and-dashboards-for-sales-and-marketing-managers/run-and-modify-a-report","Yes","[Report Builder](./apps/web/src/App.tsx); [report runtime](./apps/server/src/index.ts); [tests](./apps/server/test/report-builder.test.ts)"
"Report Builder","REP-050","Report type discovery by category, object and search; report type descriptions","Choose Accounts, Opportunities or a related-object report type","https://trailhead.salesforce.com/content/learn/modules/lex_implementation_reports_dashboards/lex_implementation_reports_dashboards_using_report_builder","Partial","[Report Builder](./apps/web/src/App.tsx); [report runtime](./apps/server/src/index.ts); [tests](./apps/server/test/report-builder.test.ts)"
"Report Builder","REP-051","Standard, custom and joined report types; supported relationship combinations","Select Opportunities with Products and report on related Product fields","https://trailhead.salesforce.com/content/learn/modules/lex_implementation_reports_dashboards/lex_implementation_reports_dashboards_using_report_builder","Partial","[Report Builder](./apps/web/src/App.tsx); [report runtime](./apps/server/src/index.ts); [tests](./apps/server/test/report-builder.test.ts)"
"Report Builder","REP-052","Historical-trending report type and time-based snapshots where offered","Build a historical trend report and compare periods","https://trailhead.salesforce.com/content/learn/modules/lex_implementation_reports_dashboards","Partial","[Report Builder](./apps/web/src/App.tsx); [report runtime](./apps/server/src/index.ts); [tests](./apps/server/test/report-builder.test.ts)"
"Report Builder","REP-053","Start report, select fields and save with name/description/folder","Create Direct Customer Accounts and save it to a chosen folder","https://trailhead.salesforce.com/content/learn/projects/create-reports-and-dashboards-for-sales-and-marketing-managers/create-a-simple-custom-report","Partial","[Report Builder](./apps/web/src/App.tsx); [report runtime](./apps/server/src/index.ts); [tests](./apps/server/test/report-builder.test.ts)"
"Report Builder","REP-054","Edit, select, clone, run, delete and move reports","Clone a saved report, edit the copy, run it and manage its folder","https://trailhead.salesforce.com/content/learn/projects/create-reports-and-dashboards-for-sales-and-marketing-managers/run-and-modify-a-report","Partial","[Report Builder](./apps/web/src/App.tsx); [report runtime](./apps/server/src/index.ts); [tests](./apps/server/test/report-builder.test.ts)"
"Report Builder","REP-055","Fields panel search and report-type-specific available field catalog","Search for and add fields to a report","https://trailhead.salesforce.com/content/learn/modules/lex_implementation_reports_dashboards/lex_implementation_reports_dashboards_using_report_builder","Partial","[Report Builder](./apps/web/src/App.tsx); [report runtime](./apps/server/src/index.ts); [tests](./apps/server/test/report-builder.test.ts)"
"Report Builder","REP-056","Outline panel: add/remove/reorder columns and group rows/columns","Arrange selected fields and grouping order","https://trailhead.salesforce.com/content/learn/modules/lex_implementation_reports_dashboards/lex_implementation_reports_dashboards_using_report_builder","Partial","[Report Builder](./apps/web/src/App.tsx); [report runtime](./apps/server/src/index.ts); [tests](./apps/server/test/report-builder.test.ts)"
"Report Builder","REP-057","Filters panel, report preview, manual refresh and auto-preview","Refresh the report preview after filter/field changes","https://trailhead.salesforce.com/content/learn/modules/lex_implementation_reports_dashboards/lex_implementation_reports_dashboards_using_report_builder","Partial","[Report Builder](./apps/web/src/App.tsx); [report runtime](./apps/server/src/index.ts); [tests](./apps/server/test/report-builder.test.ts)"
"Report Builder","REP-058","Saved report result page and run-time filter overrides","Run a report and change permitted unlocked filters","https://trailhead.salesforce.com/content/learn/modules/lex_implementation_reports_dashboards/lex_implementation_reports_dashboards_using_report_builder","Partial","[Report Builder](./apps/web/src/App.tsx); [report runtime](./apps/server/src/index.ts); [tests](./apps/server/test/report-builder.test.ts)"
"Report Builder","REP-059","Tabular reports: detail rows, row limit, sort column/direction","Open Opportunities tabular report sorted by Close Date","https://trailhead.salesforce.com/content/learn/modules/lex_implementation_reports_dashboards/lex_implementation_reports_dashboards_report_formats","Partial","[Report Builder](./apps/web/src/App.tsx); [report runtime](./apps/server/src/index.ts); [tests](./apps/server/test/report-builder.test.ts)"
"Report Builder","REP-060","Summary reports: row grouping, subtotals, grand totals and detail visibility","Group Closed Cases by Priority and hide detail rows","https://trailhead.salesforce.com/content/learn/modules/lex_implementation_reports_dashboards/lex_implementation_reports_dashboards_report_formats","Partial","[Report Builder](./apps/web/src/App.tsx); [report runtime](./apps/server/src/index.ts); [tests](./apps/server/test/report-builder.test.ts)"
"Report Builder","REP-061","Matrix reports: row and column grouping, per-cell summaries and totals","Group Opportunities by Close Month and Type; sum Amount","https://trailhead.salesforce.com/content/learn/modules/lex_implementation_reports_dashboards/lex_implementation_reports_dashboards_report_formats","Partial","[Report Builder](./apps/web/src/App.tsx); [report runtime](./apps/server/src/index.ts); [tests](./apps/server/test/report-builder.test.ts)"
"Report Builder","REP-062","Date grouping: calendar day/week/month/quarter/year and fiscal periods","Group Opportunity Close Date by Calendar Month or Fiscal Period","https://trailhead.salesforce.com/content/learn/modules/lex_implementation_reports_dashboards/lex_implementation_reports_dashboards_report_formats","Partial","[Report Builder](./apps/web/src/App.tsx); [report runtime](./apps/server/src/index.ts); [tests](./apps/server/test/report-builder.test.ts)"
"Report Builder","REP-063","Aggregate functions: Sum, Average, Maximum, Minimum and Record Count","Summarize Amount using Sum or Average","https://trailhead.salesforce.com/content/learn/modules/lex_implementation_reports_dashboards/lex_implementation_reports_dashboards_report_formats","Partial","[Report Builder](./apps/web/src/App.tsx); [report runtime](./apps/server/src/index.ts); [tests](./apps/server/test/report-builder.test.ts)"
"Report Builder","REP-064","Multi-level groupings and subtotal rendering","Group by multiple fields and inspect each level subtotal","https://trailhead.salesforce.com/content/learn/modules/lex_implementation_reports_dashboards/lex_implementation_reports_dashboards_report_formats","Partial","[Report Builder](./apps/web/src/App.tsx); [report runtime](./apps/server/src/index.ts); [tests](./apps/server/test/report-builder.test.ts)"
"Report Builder","REP-065","Bucket fields: create bucket column, define ranges/categories and blank handling","Bucket Amount into Small, Medium and Large and use it as a grouping","https://trailhead.salesforce.com/content/learn/projects/create-reports-and-dashboards-for-sales-and-marketing-managers/group-and-categorize-your-data","Partial","Report bucket metadata, numeric bucketing runtime, blank-as-zero option, row grouping, and integration test implemented; range labels remain fixed to Small/Medium/Large and broader bucket authoring is incomplete ([App.tsx](./apps/web/src/App.tsx), [metadata.ts](./apps/web/src/metadata.ts), [server](./apps/server/src/index.ts), [report-builder.test.ts](./apps/server/test/report-builder.test.ts))."
"Report Builder","REP-066","Custom summary formulas: expression, summarized field insertion, output format/precision and validation","Create Win Rate with WON:SUM/CLOSED:SUM as Percent","https://trailhead.salesforce.com/content/learn/projects/create-reports-and-dashboards-for-sales-and-marketing-managers/use-summary-formulas-in-your-reports","No","[Report Builder](./apps/web/src/App.tsx); [report runtime](./apps/server/src/index.ts); [tests](./apps/server/test/report-builder.test.ts)"
"Report Builder","REP-067","Row-level formulas: per-record formula columns and formula result types","Calculate Opportunity Time to Close from Created Date and Close Date","https://trailhead.salesforce.com/content/learn/projects/rd-summary-formulas/rd-row-level-formulas","No","[Report Builder](./apps/web/src/App.tsx); [report runtime](./apps/server/src/index.ts); [tests](./apps/server/test/report-builder.test.ts)"
"Report Builder","REP-068","Standard filters: Show Me, status and date field/range","My Accounts; Open Opportunities; All Time","https://trailhead.salesforce.com/content/learn/modules/lex_implementation_reports_dashboards/lex_implementation_reports_dashboards_filter_your_report","Partial","[Report Builder](./apps/web/src/App.tsx); [report runtime](./apps/server/src/index.ts); [tests](./apps/server/test/report-builder.test.ts)"
"Report Builder","REP-069","Relative date ranges and fiscal date ranges","Last 7 Days, Current FY, Current FQ and All Time","https://trailhead.salesforce.com/content/learn/modules/lex_implementation_reports_dashboards/lex_implementation_reports_dashboards_filter_your_report","Partial","[Report Builder](./apps/web/src/App.tsx); [report runtime](./apps/server/src/index.ts); [tests](./apps/server/test/report-builder.test.ts)"
"Report Builder","REP-070","Field filter operators, type-aware values, multi-select and blank semantics","Account Type equals Customer - Direct","https://trailhead.salesforce.com/content/learn/modules/lex_implementation_reports_dashboards/lex_implementation_reports_dashboards_filter_your_report","Partial","[Report Builder](./apps/web/src/App.tsx); [report runtime](./apps/server/src/index.ts); [tests](./apps/server/test/report-builder.test.ts)"
"Report Builder","REP-071","Locked filters and run-time filter editability","Lock Lead Source contains Partner","https://trailhead.salesforce.com/content/learn/modules/lex_implementation_reports_dashboards/lex_implementation_reports_dashboards_filter_your_report","Partial","[Report Builder](./apps/web/src/App.tsx); [report runtime](./apps/server/src/index.ts); [tests](./apps/server/test/report-builder.test.ts)"
"Report Builder","REP-072","Custom filter logic with AND, OR, NOT and parentheses","Combine filters as (1 OR 2) AND NOT 3","https://trailhead.salesforce.com/content/learn/modules/lex_implementation_reports_dashboards/lex_implementation_reports_dashboards_filter_your_report","Yes","[Report Builder](./apps/web/src/App.tsx); [report runtime](./apps/server/src/index.ts); [tests](./apps/server/test/report-builder.test.ts)"
"Report Builder","REP-073","Cross filters With/Without related children and child-field filters","Accounts with early-stage Opportunities / without Opportunities","https://trailhead.salesforce.com/content/learn/modules/lex_implementation_reports_dashboards/lex_implementation_reports_dashboards_filter_your_report","Yes","[Report Builder](./apps/web/src/App.tsx); [report runtime](./apps/server/src/index.ts); [tests](./apps/server/test/report-builder.test.ts)"
"Report Builder","REP-074","Tabular row limits applied after selected sort","Limit a tabular report to the top records by Amount","https://trailhead.salesforce.com/content/learn/modules/lex_implementation_reports_dashboards/lex_implementation_reports_dashboards_filter_your_report","Yes","[Report Builder](./apps/web/src/App.tsx); [report runtime](./apps/server/src/index.ts); [tests](./apps/server/test/report-builder.test.ts)"
"Report Builder","REP-075","Report chart: add/remove, show/hide and configure type/title/axes","Add a Column chart to Sales Rep Win Rates","https://trailhead.salesforce.com/content/learn/projects/create-reports-and-dashboards-for-sales-and-marketing-managers/visualize-your-data-with-conditional-highlighting-report-charts-and-dashboards","Partial","[Report Builder](./apps/web/src/App.tsx); [report runtime](./apps/server/src/index.ts); [tests](./apps/server/test/report-builder.test.ts)"
"Report Builder","REP-076","Chart types, group/axis selection, chart formatting and report chart display","Use donut, bar/column or other supported visualization from report groups","https://trailhead.salesforce.com/content/learn/modules/lex_implementation_reports_dashboards/lex_implementation_reports_dashboards_visualizing_data","Partial","[Report Builder](./apps/web/src/App.tsx); [report runtime](./apps/server/src/index.ts); [tests](./apps/server/test/report-builder.test.ts)"
"Report Builder","REP-077","Conditional highlighting on summary/matrix values and threshold colors","Apply conditional highlighting to report summaries","https://trailhead.salesforce.com/content/learn/projects/create-reports-and-dashboards-for-sales-and-marketing-managers/visualize-your-data-with-conditional-highlighting-report-charts-and-dashboards","No","[Report Builder](./apps/web/src/App.tsx); [report runtime](./apps/server/src/index.ts); [tests](./apps/server/test/report-builder.test.ts)"
"Report Builder","REP-078","Report export: Details Only and formatted export; CSV/XLS/encoding options","Export Details Only as CSV and open in spreadsheet","https://trailhead.salesforce.com/content/learn/projects/create-reports-and-dashboards-for-sales-and-marketing-managers/manage-reported-data","No","[Report Builder](./apps/web/src/App.tsx); [report runtime](./apps/server/src/index.ts); [tests](./apps/server/test/report-builder.test.ts)"
"Report Builder","REP-079","Report sharing/folder access and source-report permission enforcement","Share report folders with roles/groups while preserving data access","https://trailhead.salesforce.com/content/learn/projects/create-reports-and-dashboards-for-sales-and-marketing-managers/run-and-modify-a-report","Yes","[Report Builder](./apps/web/src/App.tsx); [report runtime](./apps/server/src/index.ts); [tests](./apps/server/test/report-builder.test.ts)"
"Report Builder","REP-080","Report output pagination, refresh and consistency with saved metadata","Compare preview, saved report and run results after edits","https://trailhead.salesforce.com/content/learn/modules/lex_implementation_reports_dashboards/lex_implementation_reports_dashboards_using_report_builder","Partial","[Report Builder](./apps/web/src/App.tsx); [report runtime](./apps/server/src/index.ts); [tests](./apps/server/test/report-builder.test.ts)"
"Report Builder","REP-081","Cross-object report field availability and inaccessible-field handling","Choose fields available from the selected report type","https://trailhead.salesforce.com/content/learn/modules/lex_implementation_reports_dashboards/lex_implementation_reports_dashboards_using_report_builder","Partial","[Report Builder](./apps/web/src/App.tsx); [report runtime](./apps/server/src/index.ts); [tests](./apps/server/test/report-builder.test.ts)"
"Report Builder","REP-082","Report charts as sources for Lightning pages and dashboard widgets","Build Opportunity Stages chart and reuse it in a dashboard/page","https://trailhead.salesforce.com/content/learn/projects/rd-embed-reports-dashboards/rd-create-report-and-dashboard","Partial","[Report Builder](./apps/web/src/App.tsx); [report runtime](./apps/server/src/index.ts); [tests](./apps/server/test/report-builder.test.ts)"
"Report Builder","REP-083","Reject unsupported joined/historical report types as dashboard sources","Attempt to choose unsupported report type for a dashboard widget","https://trailhead.salesforce.com/content/learn/modules/lex_implementation_reports_dashboards/lex_implementation_reports_dashboards_visualizing_data","Partial","[Report Builder](./apps/web/src/App.tsx); [report runtime](./apps/server/src/index.ts); [tests](./apps/server/test/report-builder.test.ts)"
"Dashboard Builder","DAS-084","Dashboard lifecycle: create, name, describe, save, edit, clone, delete and view","Create Opps Pipeline with a description and open the saved dashboard","https://trailhead.salesforce.com/content/learn/modules/lex_implementation_reports_dashboards/lex_implementation_reports_dashboards_visualizing_data","Yes","[Dashboard Builder](./apps/web/src/DashboardBuilder.tsx); [metadata](./apps/web/src/metadata.ts); [tests](./apps/server/test/report-builder.test.ts)"
"Dashboard Builder","DAS-085","Dashboard folders, subfolders, discovery and sharing","Save to a shared dashboard folder for embedding","https://trailhead.salesforce.com/content/learn/projects/create-reports-and-dashboards-for-sales-and-marketing-managers/run-and-modify-a-report","Yes","[Dashboard Builder](./apps/web/src/DashboardBuilder.tsx); [metadata](./apps/web/src/metadata.ts); [tests](./apps/server/test/report-builder.test.ts)"
"Dashboard Builder","DAS-086","Add report-backed chart widget and select source report","Use Opportunity Stages horizontal bar or donut chart","https://trailhead.salesforce.com/content/learn/projects/rd-embed-reports-dashboards/rd-create-report-and-dashboard","Yes","[Dashboard Builder](./apps/web/src/DashboardBuilder.tsx); [metadata](./apps/web/src/metadata.ts); [tests](./apps/server/test/report-builder.test.ts)"
"Dashboard Builder","DAS-087","Add report-backed table/Lightning Table and select displayed columns","Show selected source-report columns in a table widget","https://trailhead.salesforce.com/content/learn/modules/lex_implementation_reports_dashboards/lex_implementation_reports_dashboards_visualizing_data","Yes","[Dashboard Builder](./apps/web/src/DashboardBuilder.tsx); [metadata](./apps/web/src/metadata.ts); [tests](./apps/server/test/report-builder.test.ts)"
"Dashboard Builder","DAS-088","Metric widget: measure, aggregation, display units and formatting","Sum of Amount metric with display units","https://trailhead.salesforce.com/content/learn/modules/lex_implementation_reports_dashboards/lex_implementation_reports_dashboards_visualizing_data","Yes","[Dashboard Builder](./apps/web/src/DashboardBuilder.tsx); [metadata](./apps/web/src/metadata.ts); [tests](./apps/server/test/report-builder.test.ts)"
"Dashboard Builder","DAS-089","Gauge widget: measure, min/max, segment thresholds and colors","Show Win Rate as a gauge with ranges","https://trailhead.salesforce.com/content/learn/modules/lex_implementation_reports_dashboards/lex_implementation_reports_dashboards_visualizing_data","Yes","[Dashboard Builder](./apps/web/src/DashboardBuilder.tsx); [metadata](./apps/web/src/metadata.ts); [tests](./apps/server/test/report-builder.test.ts)"
"Dashboard Builder","DAS-090","Rich-text widget: text content and formatting","Add a text heading/context to dashboard","https://trailhead.salesforce.com/content/learn/modules/lex_implementation_reports_dashboards/lex_implementation_reports_dashboards_visualizing_data","Yes","[Dashboard Builder](./apps/web/src/DashboardBuilder.tsx); [metadata](./apps/web/src/metadata.ts); [tests](./apps/server/test/report-builder.test.ts)"
"Dashboard Builder","DAS-091","Image widget: image source, sizing and placement","Add an image to dashboard","https://trailhead.salesforce.com/content/learn/modules/lex_implementation_reports_dashboards/lex_implementation_reports_dashboards_visualizing_data","Yes","[Dashboard Builder](./apps/web/src/DashboardBuilder.tsx); [metadata](./apps/web/src/metadata.ts); [tests](./apps/server/test/report-builder.test.ts)"
"Dashboard Builder","DAS-092","Widget titles, subtitles, footers and source-derived titles","Name Opportunity Industries chart and add description","https://trailhead.salesforce.com/content/learn/modules/lex_implementation_reports_dashboards/lex_implementation_reports_dashboards_visualizing_data","Yes","[Dashboard Builder](./apps/web/src/DashboardBuilder.tsx); [metadata](./apps/web/src/metadata.ts); [tests](./apps/server/test/report-builder.test.ts)"
"Dashboard Builder","DAS-093","Widget add/remove, selection, edit and source replacement","Add a widget, choose a report, edit or remove it","https://trailhead.salesforce.com/content/learn/modules/lex_implementation_reports_dashboards/lex_implementation_reports_dashboards_visualizing_data","Yes","[Dashboard Builder](./apps/web/src/DashboardBuilder.tsx); [metadata](./apps/web/src/metadata.ts); [tests](./apps/server/test/report-builder.test.ts)"
"Dashboard Builder","DAS-094","Drag, reorder and arrange widgets in dashboard grid","Place donut to the right of bar chart","https://trailhead.salesforce.com/content/learn/projects/rd-embed-reports-dashboards/rd-create-report-and-dashboard","Yes","[Dashboard Builder](./apps/web/src/DashboardBuilder.tsx); [metadata](./apps/web/src/metadata.ts); [tests](./apps/server/test/report-builder.test.ts)"
"Dashboard Builder","DAS-095","Resize widgets and support responsive grid layouts","Resize components and confirm responsive arrangement","https://trailhead.salesforce.com/content/learn/modules/lex_implementation_reports_dashboards/lex_implementation_reports_dashboards_visualizing_data","Yes","[Dashboard Builder](./apps/web/src/DashboardBuilder.tsx); [metadata](./apps/web/src/metadata.ts); [tests](./apps/server/test/report-builder.test.ts)"
"Dashboard Builder","DAS-096","Dashboard-level filters: add field, criteria, default and apply to widgets","Add a filter and apply it to compatible report widgets","https://trailhead.salesforce.com/content/learn/modules/lex_implementation_reports_dashboards/lex_implementation_reports_dashboards_visualizing_data","Yes","[Dashboard Builder](./apps/web/src/DashboardBuilder.tsx); [metadata](./apps/web/src/metadata.ts); [tests](./apps/server/test/report-builder.test.ts)"
"Dashboard Builder","DAS-097","Dashboard filter operator/value types and widget field mapping","Apply a common filter across compatible widgets","https://trailhead.salesforce.com/content/learn/modules/lex_implementation_reports_dashboards/lex_implementation_reports_dashboards_visualizing_data","Partial","[Dashboard Builder](./apps/web/src/DashboardBuilder.tsx); [metadata](./apps/web/src/metadata.ts); [tests](./apps/server/test/report-builder.test.ts)"
"Dashboard Builder","DAS-098","Dashboard cross-filter interactions between widgets","Select a chart category and filter other dashboard components","https://trailhead.salesforce.com/content/learn/modules/lex_implementation_reports_dashboards/lex_implementation_reports_dashboards_visualizing_data","Partial","[Dashboard Builder](./apps/web/src/DashboardBuilder.tsx); [metadata](./apps/web/src/metadata.ts); [tests](./apps/server/test/report-builder.test.ts)"
"Dashboard Builder","DAS-099","Fixed running user and dashboard viewer identity","Set dashboard to display data as a selected running user or viewer","https://trailhead.salesforce.com/content/learn/modules/reports-dashboards-quick-look/learn-about-reports-and-dashboards","Yes","[Dashboard Builder](./apps/web/src/DashboardBuilder.tsx); [metadata](./apps/web/src/metadata.ts); [tests](./apps/server/test/report-builder.test.ts)"
"Dashboard Builder","DAS-100","Dynamic dashboards: each viewer sees permitted records","Compare dashboard results for users with different access","https://trailhead.salesforce.com/content/learn/modules/reports-dashboards-quick-look/learn-about-reports-and-dashboards","Yes","[Dashboard Builder](./apps/web/src/DashboardBuilder.tsx); [metadata](./apps/web/src/metadata.ts); [tests](./apps/server/test/report-builder.test.ts)"
"Dashboard Builder","DAS-101","Authorized preview-as selection and identity eligibility","Allow an eligible viewer to select whom to view the dashboard as","https://trailhead.salesforce.com/content/learn/modules/reports-dashboards-quick-look/learn-about-reports-and-dashboards","Partial","[Dashboard Builder](./apps/web/src/DashboardBuilder.tsx); [metadata](./apps/web/src/metadata.ts); [tests](./apps/server/test/report-builder.test.ts)"
"Dashboard Builder","DAS-102","Folder access distinct from underlying record/report data access","Share a dashboard while retaining source-report authorization","https://trailhead.salesforce.com/content/learn/modules/reports-dashboards-quick-look/learn-about-reports-and-dashboards","Yes","[Dashboard Builder](./apps/web/src/DashboardBuilder.tsx); [metadata](./apps/web/src/metadata.ts); [tests](./apps/server/test/report-builder.test.ts)"
"Dashboard Builder","DAS-103","Refresh dashboard and display last-refresh timestamp","Refresh data and inspect last refreshed time","https://trailhead.salesforce.com/content/learn/modules/reports-dashboards-quick-look/learn-about-reports-and-dashboards","Yes","[Dashboard Builder](./apps/web/src/DashboardBuilder.tsx); [metadata](./apps/web/src/metadata.ts); [tests](./apps/server/test/report-builder.test.ts)"
"Dashboard Builder","DAS-104","Scheduled refresh, snapshot and email delivery configuration","Schedule a dashboard refresh and delivery","https://trailhead.salesforce.com/content/learn/modules/lex_implementation_reports_dashboards/lex_implementation_reports_dashboards_visualizing_data","Yes","[Dashboard Builder](./apps/web/src/DashboardBuilder.tsx); [metadata](./apps/web/src/metadata.ts); [tests](./apps/server/test/report-builder.test.ts)"
"Dashboard Builder","DAS-105","Snapshot/history lifecycle, owner access and error reporting","Capture and review a dashboard snapshot","https://trailhead.salesforce.com/content/learn/modules/lex_implementation_reports_dashboards/lex_implementation_reports_dashboards_visualizing_data","Partial","[Dashboard Builder](./apps/web/src/DashboardBuilder.tsx); [metadata](./apps/web/src/metadata.ts); [tests](./apps/server/test/report-builder.test.ts)"
"Dashboard Builder","DAS-106","Widget rendering consistency in editor, viewer, refresh, snapshot and email","Compare persisted source-based widget results across surfaces","https://trailhead.salesforce.com/content/learn/modules/lex_implementation_reports_dashboards/lex_implementation_reports_dashboards_visualizing_data","Partial","[Dashboard Builder](./apps/web/src/DashboardBuilder.tsx); [metadata](./apps/web/src/metadata.ts); [tests](./apps/server/test/report-builder.test.ts)"
"Dashboard Builder","DAS-107","Source report changes/deletion/access revocation affect dashboards safely","Modify or remove source report and verify dependent dashboard behavior","https://trailhead.salesforce.com/content/learn/modules/lex_implementation_reports_dashboards/lex_implementation_reports_dashboards_visualizing_data","Partial","[Dashboard Builder](./apps/web/src/DashboardBuilder.tsx); [metadata](./apps/web/src/metadata.ts); [tests](./apps/server/test/report-builder.test.ts)"
"Dashboard Builder","DAS-108","Unsupported joined/historical-trend source report errors","Try selecting unsupported source type and receive explicit feedback","https://trailhead.salesforce.com/content/learn/modules/lex_implementation_reports_dashboards/lex_implementation_reports_dashboards_visualizing_data","Yes","[Dashboard Builder](./apps/web/src/DashboardBuilder.tsx); [metadata](./apps/web/src/metadata.ts); [tests](./apps/server/test/report-builder.test.ts)"
"Lightning App Builder / Page Builder","LIG-109","Create Home, Record and App pages with labels, object target and description","Create Opportunity Record Page, Sales Home Page and App Page","https://trailhead.salesforce.com/content/learn/modules/lightning_app_builder/lightning_app_builder_intro","Yes","[Page Builder](./apps/web/src/App.tsx); [component catalog](./apps/web/src/componentCatalog.ts); [metadata](./apps/web/src/metadata.ts)"
"Lightning App Builder / Page Builder","LIG-110","Create from templates and blank canvas where offered","Choose a page template and create the page","https://trailhead.salesforce.com/content/learn/modules/lightning_app_builder/lightning_app_builder_intro","Partial","[Page Builder](./apps/web/src/App.tsx); [component catalog](./apps/web/src/componentCatalog.ts); [metadata](./apps/web/src/metadata.ts)"
"Lightning App Builder / Page Builder","LIG-111","Template regions, responsive layout and supported column/section arrangements","Choose a two-column or header/sidebar page template","https://trailhead.salesforce.com/content/learn/modules/lightning_app_builder/lightning_app_builder_intro","Partial","[Page Builder](./apps/web/src/App.tsx); [component catalog](./apps/web/src/componentCatalog.ts); [metadata](./apps/web/src/metadata.ts)"
"Lightning App Builder / Page Builder","LIG-112","Component palette/search, canvas, properties pane and page list","Find List View, drag it to canvas and configure properties","https://trailhead.salesforce.com/content/learn/modules/lightning_app_builder/lightning_app_builder_intro","Partial","[Page Builder](./apps/web/src/App.tsx); [component catalog](./apps/web/src/componentCatalog.ts); [metadata](./apps/web/src/metadata.ts)"
"Lightning App Builder / Page Builder","LIG-113","Drag/drop, reorder, cut/copy/paste and component placement controls","Arrange components in template regions","https://trailhead.salesforce.com/content/learn/modules/lightning_app_builder/lightning_app_builder_intro","Partial","[Page Builder](./apps/web/src/App.tsx); [component catalog](./apps/web/src/componentCatalog.ts); [metadata](./apps/web/src/metadata.ts)"
"Lightning App Builder / Page Builder","LIG-114","Builder toolbar: undo/redo, save, activation and page actions","Edit page, undo a change, save and activate","https://trailhead.salesforce.com/content/learn/modules/lightning_app_builder/lightning_app_builder_intro","Partial","[Page Builder](./apps/web/src/App.tsx); [component catalog](./apps/web/src/componentCatalog.ts); [metadata](./apps/web/src/metadata.ts)"
"Lightning App Builder / Page Builder","LIG-115","Preview by desktop/tablet/phone and canvas sizing","Preview page across device form factors","https://trailhead.salesforce.com/content/learn/modules/lightning_app_builder/lightning_app_builder_intro","Partial","[Page Builder](./apps/web/src/App.tsx); [component catalog](./apps/web/src/componentCatalog.ts); [metadata](./apps/web/src/metadata.ts)"
"Lightning App Builder / Page Builder","LIG-116","Home page standard components and their individual properties","Add Assistant, Performance, Today?s Events, Key Deals or Tasks","https://trailhead.salesforce.com/content/learn/modules/lightning_app_builder/lightning_app_builder_homepage","Partial","[Page Builder](./apps/web/src/App.tsx); [component catalog](./apps/web/src/componentCatalog.ts); [metadata](./apps/web/src/metadata.ts)"
"Lightning App Builder / Page Builder","LIG-117","Record page components: Highlights Panel, Path, Chatter, Tabs, Record Detail, Related Lists, Activities","Build an Opportunity record page from standard components","https://trailhead.salesforce.com/content/learn/modules/lightning_app_builder/lightning_app_builder_recordpage","Partial","[Page Builder](./apps/web/src/App.tsx); [component catalog](./apps/web/src/componentCatalog.ts); [metadata](./apps/web/src/metadata.ts)"
"Lightning App Builder / Page Builder","LIG-118","App page components: List View, Recent Items and global actions","Create App Page with List View and global actions","https://trailhead.salesforce.com/content/learn/modules/lightning_app_builder/lightning_app_builder_apphome","Partial","[Page Builder](./apps/web/src/App.tsx); [component catalog](./apps/web/src/componentCatalog.ts); [metadata](./apps/web/src/metadata.ts)"
"Lightning App Builder / Page Builder","LIG-119","Component properties and context binding for app/object/record","Configure component for current record or app context","https://trailhead.salesforce.com/content/learn/modules/lightning_app_builder/lightning_app_builder_intro","Partial","[Page Builder](./apps/web/src/App.tsx); [component catalog](./apps/web/src/componentCatalog.ts); [metadata](./apps/web/src/metadata.ts)"
"Lightning App Builder / Page Builder","LIG-120","Dynamic Forms migration wizard from Record Detail/page layout","Upgrade Record Detail to Dynamic Forms using a page layout","https://trailhead.salesforce.com/content/learn/modules/lightning_app_builder/get-started-with-dynamic-forms-lab","Partial","[Page Builder](./apps/web/src/App.tsx); [component catalog](./apps/web/src/componentCatalog.ts); [metadata](./apps/web/src/metadata.ts)"
"Lightning App Builder / Page Builder","LIG-121","Dynamic Forms field and section components; organize into tabs/accordions","Place fields and sections anywhere on record page","https://trailhead.salesforce.com/content/learn/modules/lightning_app_builder/get-started-with-dynamic-forms-lab","Partial","[Page Builder](./apps/web/src/App.tsx); [component catalog](./apps/web/src/componentCatalog.ts); [metadata](./apps/web/src/metadata.ts)"
"Lightning App Builder / Page Builder","LIG-122","Dynamic Highlights Panel configuration and selected highlight fields","Select fields for a Dynamic Highlights Panel","https://trailhead.salesforce.com/content/learn/modules/lightning_app_builder/get-started-with-dynamic-forms-lab","Partial","[Page Builder](./apps/web/src/App.tsx); [component catalog](./apps/web/src/componentCatalog.ts); [metadata](./apps/web/src/metadata.ts)"
"Lightning App Builder / Page Builder","LIG-123","Field and section visibility rules by record field/value","Hide Tracking Number until status is In Progress or Completed","https://trailhead.salesforce.com/content/learn/modules/lightning_app_builder/add-visibility-rules-for-dynamic-pages-lab","No","[Page Builder](./apps/web/src/App.tsx); [component catalog](./apps/web/src/componentCatalog.ts); [metadata](./apps/web/src/metadata.ts)"
"Lightning App Builder / Page Builder","LIG-124","Component visibility rules by field, permission/profile and filter logic","Show rich text when Amount >= $1M and Stage is Closed Won","https://trailhead.salesforce.com/content/learn/modules/lightning_app_builder/add-visibility-rules-for-dynamic-pages-lab","No","[Page Builder](./apps/web/src/App.tsx); [component catalog](./apps/web/src/componentCatalog.ts); [metadata](./apps/web/src/metadata.ts)"
"Lightning App Builder / Page Builder","LIG-125","Visibility rules by device/form factor","Show a component only on Phone","https://trailhead.salesforce.com/content/learn/modules/lightning_app_builder/add-visibility-rules-for-dynamic-pages-lab","No","[Page Builder](./apps/web/src/App.tsx); [component catalog](./apps/web/src/componentCatalog.ts); [metadata](./apps/web/src/metadata.ts)"
"Lightning App Builder / Page Builder","LIG-126","Page activation: org default, app, app/profile and app/record type/profile","Assign Home page to Sales and selected profiles","https://trailhead.salesforce.com/content/learn/projects/rd-embed-reports-dashboards/rd-embed-dashboard","Partial","[Page Builder](./apps/web/src/App.tsx); [component catalog](./apps/web/src/componentCatalog.ts); [metadata](./apps/web/src/metadata.ts)"
"Lightning App Builder / Page Builder","LIG-127","Page activation precedence, assignment review and conflict behavior","Assign Account page to Sales, Master record type and profiles","https://trailhead.salesforce.com/content/learn/projects/rd-embed-reports-dashboards/rd-embed-report-chart","Partial","[Page Builder](./apps/web/src/App.tsx); [component catalog](./apps/web/src/componentCatalog.ts); [metadata](./apps/web/src/metadata.ts)"
"Lightning App Builder / Page Builder","LIG-128","Form factor assignment and responsive/mobile rendering","Activate page for desktop/phone and inspect mobile display","https://trailhead.salesforce.com/content/learn/modules/lightning_app_builder/lightning_app_builder_recordpage","Partial","[Page Builder](./apps/web/src/App.tsx); [component catalog](./apps/web/src/componentCatalog.ts); [metadata](./apps/web/src/metadata.ts)"
"Lightning App Builder / Page Builder","LIG-129","Embed Dashboard on Home page and select dashboard/display/filter settings","Embed Opps Pipeline on Sales Home page","https://trailhead.salesforce.com/content/learn/projects/rd-embed-reports-dashboards/rd-embed-dashboard","No","[Page Builder](./apps/web/src/App.tsx); [component catalog](./apps/web/src/componentCatalog.ts); [metadata](./apps/web/src/metadata.ts)"
"Lightning App Builder / Page Builder","LIG-130","Embed Report Chart on Record page, select source and control visibility","Embed Opportunity Stages on Account page","https://trailhead.salesforce.com/content/learn/projects/rd-embed-reports-dashboards/rd-embed-report-chart","Partial","[Page Builder](./apps/web/src/App.tsx); [component catalog](./apps/web/src/componentCatalog.ts); [metadata](./apps/web/src/metadata.ts)"
"Lightning App Builder / Page Builder","LIG-131","Custom Lightning components: install/register, configure properties and test mobile","Install Opportunity Alert package and configure component properties","https://trailhead.salesforce.com/content/learn/modules/lightning_app_builder/lightning_app_builder_custom_comps","Partial","[Page Builder](./apps/web/src/App.tsx); [component catalog](./apps/web/src/componentCatalog.ts); [metadata](./apps/web/src/metadata.ts)"
"Lightning App Builder / Page Builder","LIG-132","AgentExchange component discovery/install and package availability","Install component package and add to App Builder page","https://trailhead.salesforce.com/content/learn/modules/lightning_app_builder/lightning_app_builder_custom_comps","Partial","[Page Builder](./apps/web/src/App.tsx); [component catalog](./apps/web/src/componentCatalog.ts); [metadata](./apps/web/src/metadata.ts)"
"Lightning App Builder / Page Builder","LIG-133","Page lifecycle: edit, save, clone, activate/deactivate, restore and delete","Save page, activate it and verify runtime assignment","https://trailhead.salesforce.com/content/learn/modules/lightning_app_builder/lightning_app_builder_intro","Partial","[Page Builder](./apps/web/src/App.tsx); [component catalog](./apps/web/src/componentCatalog.ts); [metadata](./apps/web/src/metadata.ts)"
"Lightning App Builder / Page Builder","LIG-134","App page tab creation, icon/label and navigation placement","Add the App page as a tab in app navigation","https://trailhead.salesforce.com/content/learn/modules/lightning_app_builder/lightning_app_builder_apphome","Partial","[Page Builder](./apps/web/src/App.tsx); [component catalog](./apps/web/src/componentCatalog.ts); [metadata](./apps/web/src/metadata.ts)"
"Lightning App Builder / Page Builder","LIG-135","Runtime rendering matches builder preview and active assignment","Open assigned Home/Record/App page as target user","https://trailhead.salesforce.com/content/learn/modules/lightning_app_builder/lightning_app_builder_intro","Partial","[Page Builder](./apps/web/src/App.tsx); [component catalog](./apps/web/src/componentCatalog.ts); [metadata](./apps/web/src/metadata.ts)"
"Lightning App Builder / Page Builder","LIG-136","App, object, record, profile and navigation context preserved through builder/activation","Create/assign pages and verify target app/record context","https://trailhead.salesforce.com/content/learn/modules/lightning_app_builder/lightning_app_builder_intro","Partial","[Page Builder](./apps/web/src/App.tsx); [component catalog](./apps/web/src/componentCatalog.ts); [metadata](./apps/web/src/metadata.ts)"
"Lightning App Builder / Page Builder","LIG-137","Component compatibility, unavailable components and deleted dependencies","Remove referenced component/source and show actionable errors","https://trailhead.salesforce.com/content/learn/modules/lightning_app_builder/lightning_app_builder_intro","Partial","[Page Builder](./apps/web/src/App.tsx); [component catalog](./apps/web/src/componentCatalog.ts); [metadata](./apps/web/src/metadata.ts)"
"Lightning App Builder / Page Builder","LIG-138","Accessibility, keyboard operation and narrow/mobile responsive behavior","Configure and preview page on mobile form factor","https://trailhead.salesforce.com/content/learn/modules/lightning_app_builder/lightning_app_builder_custom_comps","Partial","[Page Builder](./apps/web/src/App.tsx); [component catalog](./apps/web/src/componentCatalog.ts); [metadata](./apps/web/src/metadata.ts)"
"App Manager and Metadata-Driven Configuration","APP-139","Create/edit Lightning apps and set app name, label, description and branding","Configure app identity and brand in App Manager","https://trailhead.salesforce.com/content/learn/modules/lightning_app_builder/lightning_app_builder_intro","Partial","[App Manager](./apps/web/src/AppManager.tsx); [metadata](./apps/web/src/metadata.ts); [server](./apps/server/src/index.ts)"
"App Manager and Metadata-Driven Configuration","APP-140","Configure navigation items, order, object/page targets and app navigation","Arrange Sales app navigation items","https://trailhead.salesforce.com/content/learn/modules/lightning_app_builder/lightning_app_builder_intro","Partial","[App Manager](./apps/web/src/AppManager.tsx); [metadata](./apps/web/src/metadata.ts); [server](./apps/server/src/index.ts)"
"App Manager and Metadata-Driven Configuration","APP-141","Configure app utility bar and supported utility items","Add utilities to the app utility bar","https://trailhead.salesforce.com/content/learn/modules/lightning_app_builder/lightning_app_builder_intro","Partial","[App Manager](./apps/web/src/AppManager.tsx); [metadata](./apps/web/src/metadata.ts); [server](./apps/server/src/index.ts)"
"App Manager and Metadata-Driven Configuration","APP-142","Assign Lightning pages and app-level page defaults through app configuration","Connect app settings to assigned Home/Record/App pages","https://trailhead.salesforce.com/content/learn/modules/lightning_app_builder/lightning_app_builder_intro","Partial","[App Manager](./apps/web/src/AppManager.tsx); [metadata](./apps/web/src/metadata.ts); [server](./apps/server/src/index.ts)"
"App Manager and Metadata-Driven Configuration","APP-143","Metadata-driven page definitions persist component types, properties and placement","Save page composition and reload it from metadata","https://trailhead.salesforce.com/content/learn/modules/lightning_app_builder/lightning_app_builder_intro","Partial","[App Manager](./apps/web/src/AppManager.tsx); [metadata](./apps/web/src/metadata.ts); [server](./apps/server/src/index.ts)"
"App Manager and Metadata-Driven Configuration","APP-144","Metadata-driven dashboard definitions persist widgets, filters, sources and grid layout","Save dashboard metadata and reload in designer/viewer","https://trailhead.salesforce.com/content/learn/modules/lex_implementation_reports_dashboards/lex_implementation_reports_dashboards_visualizing_data","Partial","[App Manager](./apps/web/src/AppManager.tsx); [metadata](./apps/web/src/metadata.ts); [server](./apps/server/src/index.ts)"
"App Manager and Metadata-Driven Configuration","APP-145","Metadata-driven report definitions persist type, fields, format, filters and grouping","Save report definition and reproduce its results","https://trailhead.salesforce.com/content/learn/modules/lex_implementation_reports_dashboards/lex_implementation_reports_dashboards_using_report_builder","Partial","[App Manager](./apps/web/src/AppManager.tsx); [metadata](./apps/web/src/metadata.ts); [server](./apps/server/src/index.ts)"
"App Manager and Metadata-Driven Configuration","APP-146","Metadata-driven object/field definitions drive forms, lists, relationships, searches and reports","Change field/object metadata and verify all runtime consumers","https://trailhead.salesforce.com/content/learn/modules/lex_customization/lex_customization_custom_objects","Partial","[App Manager](./apps/web/src/AppManager.tsx); [metadata](./apps/web/src/metadata.ts); [server](./apps/server/src/index.ts)"
"App Manager and Metadata-Driven Configuration","APP-147","Metadata lifecycle, dependency inspection and safe delete/update behavior","Change/delete referenced metadata and handle dependencies","https://trailhead.salesforce.com/content/learn/modules/setup-quick-look/learn-to-use-setup-and-the-object-manager","Partial","[App Manager](./apps/web/src/AppManager.tsx); [metadata](./apps/web/src/metadata.ts); [server](./apps/server/src/index.ts)"
"App Manager and Metadata-Driven Configuration","APP-148","Component catalog metadata, registration, properties and supported surfaces","Register/reuse a configured component on supported page surfaces","https://trailhead.salesforce.com/content/learn/modules/lightning_app_builder/lightning_app_builder_custom_comps","Partial","[App Manager](./apps/web/src/AppManager.tsx); [metadata](./apps/web/src/metadata.ts); [server](./apps/server/src/index.ts)"
"App Manager and Metadata-Driven Configuration","APP-149","Metadata import/export and deployment/activation where exposed","Move supported metadata definition and report errors on dependencies","https://trailhead.salesforce.com/content/learn/modules/setup-quick-look","Partial","[App Manager](./apps/web/src/AppManager.tsx); [metadata](./apps/web/src/metadata.ts); [server](./apps/server/src/index.ts)"
"App Manager and Metadata-Driven Configuration","APP-150","App/page/report/dashboard configuration round-trip and consistent runtime","Save, reload, activate and compare runtime result with builder","https://trailhead.salesforce.com/content/learn/modules/lightning_app_builder/lightning_app_builder_intro","Partial","[App Manager](./apps/web/src/AppManager.tsx); [metadata](./apps/web/src/metadata.ts); [server](./apps/server/src/index.ts)"
"App Manager and Metadata-Driven Configuration","APP-151","Permission-aware metadata authoring and runtime use","Restrict setup changes and prevent unauthorized data exposure","https://trailhead.salesforce.com/content/learn/modules/data_security","Partial","[App Manager](./apps/web/src/AppManager.tsx); [metadata](./apps/web/src/metadata.ts); [server](./apps/server/src/index.ts)"
